{"cameraMode":{"drawMode":0,"name":"Shaded","section":"Shading Mode"},"sceneLighting":true,"audioPlay":false,"sceneViewState":{"m_AlwaysRefresh":false,"showFog":true,"showSkybox":true,"showFlares":true,"showImageEffects":true,"showParticleSystems":true,"showVisualEffectGraphs":true,"m_FxEnabled":true},"in2DMode":false,"pivot":{"x":1.788132667541504,"y":1.2568988800048829,"z":-2.2753639221191408},"rotation":{"x":-0.06007085740566254,"y":0.9328117370605469,"z":-0.18453964591026307,"w":-0.30364570021629336},"size":20.59014129638672,"orthographic":false}